,Model,Label,MAE,MAPE
0,Prophet-OPT-W,Vollkornbrot,16.06374246957526,12.403362831087286
1,Prophet-OPT-W,Brötchen,44.89891229125806,10.378933387994843
2,Prophet-OPT,Süsse_Brötchen,19.969255753533798,8.525503486813426
3,Prophet-OPT,Herzhafte_Brötchen,20.009548463480446,17.083920736861874
4,Prophet-OPT,Stückgebäck,35.2372491215371,23.431609171567953
5,Prophet-OPT,Weihnachtsartikel,5.834186179424739,16.30898077963905
